﻿<?xml version="1.0" encoding="utf-8"?>
<ModMetaData>
	<name>Research Reinvented Rus</name>
	<author>EvilToasterDBU</author>  
	<packageId>EvilToasterDBU.ResearchReinventedRus</packageId>
	<supportedVersions>
		<li>1.3</li>
		<li>1.4</li>
	</supportedVersions>
	<modDependencies>
      <li>
        <packageId>PeteTimesSix.ResearchReinvented</packageId>
        <displayName>ResearchReinvented</displayName>
        <steamWorkshopUrl>steam://url/CommunityFilePage/2868392160</steamWorkshopUrl>
      </li>
    </modDependencies>
	<loadAfter>
		<li>PeteTimesSix.ResearchReinvented</li>
	</loadAfter>
	<description>
	Русский перевод для мода Research Reinvented
	</description>
</ModMetaData>
